[
    {
        "id": "1",
        "ProductName": "WATER REFILL ONLY",
        "Acronym": "WRO",
        "Price": "30",
        "Stocks": "0",
        "Image": "..\/images\/waterrefillonly.png"
    },
    {
        "id": "2",
        "ProductName": "WATER WITH NEW SLIM GALLON",
        "Acronym": "W\/NSLG",
        "Price": "200",
        "Stocks": "290",
        "Image": "..\/images\/waterwithnewslimgallon.png"
    },
    {
        "id": "3",
        "ProductName": "WATER WITH NEW ROUND GALLON",
        "Acronym": "W\/NROG",
        "Price": "200",
        "Stocks": "188",
        "Image": "..\/images\/waterwithnewroundgallon.png"
    },
    {
        "id": "11",
        "ProductName": "NEW SMALL GALLON",
        "Acronym": "NSG",
        "Price": "2",
        "Stocks": "188",
        "Image": "..\/images\/small slim.png"
    }
]