[
    {
        "id": "1",
        "ProductName": "WATER REFILLING ONLY",
        "Price": "30",
        "Stocks": "1",
        "Image": "../images/waterrefillonly.png"
    },
    {
        "id": "2",
        "ProductName": "WATER WITH NEW SLIM GALLON",
        "Price": "200",
        "Stocks": "0",
        "Image": "../images/waterwithnewslimgallon.png"
    },
    {
        "id": "3",
        "ProductName": "WATER WITH NEW ROUND GALLON",
        "Price": "200",
        "Stocks": "2",
        "Image": "../images/waterwithnewroundgallon.png"
    }
]