[
    {
        "id": "1",
        "ProductName": "WATER REFILLING ONLY",
        "Price": "30",
        "Stocks": "20",
        "Image": "waterrefillonly.png"
    },
    {
        "id": "2",
        "ProductName": "WATER WITH NEW SLIM GALLON",
        "Price": "200",
        "Stocks": "4",
        "Image": "waterwithnewslimgallon.png"
    },
    {
        "id": "3",
        "ProductName": "WATER WITH NEW ROUND GALLON",
        "Price": "200",
        "Stocks": "5",
        "Image": "waterwithnewroundgallon.png"
    },
    {
        "id": "7",
        "ProductName": "NEW SMALL GALLON",
        "Price": "2",
        "Stocks": "0",
        "Image": "small slim.png"
    },
    {
        "id": "8",
        "ProductName": "WATER WITH NEW BIG GALLON",
        "Price": "1",
        "Stocks": "0",
        "Image": "waterwithnewroundgallon.png"
    }
]